date,is_holiday,is_weekend,price,discount,anchor_fans,anchor_gmv_7d,platform_traffic,competitor_discount,is_live_day,sales
2025-01-01,0,0,129,0.5,8000,5079.844624521056,31.0,0.67,1,509937.0
2025-01-02,0,0,159,0.66,500,429.4391879405482,76.0,0.91,0,2870.0
2025-01-03,0,0,99,0.64,8000,4903.3627075401255,28.0,0.39,0,4391.0
2025-01-04,0,1,159,0.77,3000,1814.7973526580065,40.0,0.85,0,3964.0
2025-01-05,0,1,159,0.78,8000,4754.846867399532,71.0,0.39,0,7146.0
2025-01-06,0,0,79,0.43,500,7.1250239580359676,69.0,0.86,0,4056.0
2025-01-07,0,0,99,0.62,3000,1544.8903637119945,23.0,0.49,0,2626.0
2025-01-08,0,0,99,0.78,3000,1709.4196605224308,66.0,0.91,0,4234.0
2025-01-09,0,0,99,0.7,8000,5336.785538291574,42.0,0.96,0,8436.0
2025-01-10,0,0,159,0.91,500,208.223147426212,44.0,0.4,0,571.0
2025-01-11,0,1,129,0.8,8000,5215.736166686259,19.0,0.62,0,8020.0
2025-01-12,0,1,99,0.5,500,292.29830609985856,16.0,0.99,1,93795.0
2025-01-13,0,0,199,0.44,8000,4965.474540011836,61.0,0.64,0,13858.0
2025-01-14,0,0,159,0.79,8000,5176.731987497335,45.0,0.9,0,8406.0
2025-01-15,0,0,79,0.42,8000,5130.464575682684,41.0,0.71,0,13144.0
2025-01-16,0,0,129,0.75,3000,1184.72156860315,61.0,0.56,0,2952.0
2025-01-17,0,0,199,0.96,3000,1795.308069945179,64.0,0.5,0,1520.0
2025-01-18,0,1,199,0.75,8000,5276.018270829491,21.0,0.44,0,6417.0
2025-01-19,0,1,79,0.63,500,174.88745969809412,53.0,0.83,0,2561.0
2025-01-20,0,0,129,0.79,3000,1579.1607066874817,19.0,0.57,0,2533.0
2025-01-21,0,0,159,0.67,3000,1598.8060372565478,63.0,0.66,0,4199.0
2025-01-22,0,0,59,0.73,3000,1552.1347531647814,56.0,0.64,0,3714.0
2025-01-23,0,0,129,0.96,3000,1389.938969230916,77.0,0.7,0,2124.0
2025-01-24,0,0,79,0.63,3000,1365.6753264123897,15.0,0.91,0,5347.0
2025-01-25,0,1,199,0.98,8000,4994.889185801711,14.0,0.99,0,4209.0
2025-01-26,0,1,159,0.94,8000,5234.545803851873,30.0,0.59,0,4656.0
2025-01-27,0,0,129,0.52,500,408.72003091888644,28.0,0.88,1,70689.0
2025-01-28,1,0,59,0.31,500,225.8771335827788,47.0,0.84,0,5636.0
2025-01-29,1,0,59,0.32,3000,1654.339742129669,93.0,0.7,0,8758.0
2025-01-30,1,0,99,0.29,8000,4430.291475873985,47.0,0.97,0,23416.0
2025-01-31,0,0,99,0.46,3000,1729.7531400744206,29.0,0.44,0,4239.0
2025-02-01,0,1,79,0.81,3000,1152.05724424438,63.0,0.38,0,2590.0
2025-02-02,0,1,129,0.44,8000,4927.511811719373,41.0,0.9,0,14501.0
2025-02-03,0,0,129,0.59,8000,4776.066021074771,64.0,0.61,0,8374.0
2025-02-04,0,0,199,0.91,500,41.063704855818855,15.0,0.89,0,1020.0
2025-02-05,0,0,199,0.41,3000,1732.1653574757038,44.0,0.93,0,6673.0
2025-02-06,0,0,199,0.89,8000,4906.459759737621,12.0,0.34,0,3166.0
2025-02-07,0,0,99,0.57,8000,5069.300776346143,14.0,0.92,0,9257.0
2025-02-08,0,1,129,0.47,8000,4990.615884224163,73.0,0.61,0,17825.0
2025-02-09,0,1,129,0.82,3000,1595.4081654446243,20.0,0.66,0,2084.0
2025-02-10,0,0,59,0.78,8000,5015.364378212051,47.0,0.74,0,6505.0
2025-02-11,0,0,99,0.93,8000,4743.401555162286,39.0,0.95,0,8016.0
2025-02-12,0,0,159,0.84,500,499.253363889428,34.0,0.31,1,17239.0
2025-02-13,0,0,99,0.88,8000,4901.248683367738,73.0,0.63,0,5738.0
2025-02-14,0,0,159,0.57,3000,1188.6836202680497,12.0,0.78,0,3908.0
2025-02-15,0,1,59,0.51,8000,4914.376967806817,56.0,0.81,0,15695.0
2025-02-16,0,1,79,0.85,8000,5300.151958126862,77.0,0.78,0,6730.0
2025-02-17,0,0,129,0.88,8000,5170.044348422699,49.0,0.39,0,3742.0
2025-02-18,0,0,59,0.99,500,230.26957311842816,76.0,0.51,0,681.0
2025-02-19,0,0,129,0.65,500,230.14845913631424,14.0,0.55,0,1359.0
2025-02-20,0,0,199,0.62,500,235.67298975652346,39.0,0.86,0,2063.0
2025-02-21,0,0,79,0.87,3000,1915.3495967121682,28.0,0.5,0,1715.0
2025-02-22,0,1,79,0.6,3000,1576.3870904463106,61.0,0.45,0,4228.0
2025-02-23,0,1,59,0.96,8000,5086.008329438214,79.0,0.97,0,5698.0
2025-02-24,0,0,79,0.92,8000,5206.056690806368,28.0,0.31,0,2662.0
2025-02-25,0,0,159,0.66,500,347.7578318053027,56.0,1.0,0,2456.0
2025-02-26,0,0,79,0.85,8000,4948.191570835859,24.0,0.77,1,191877.0
2025-02-27,0,0,129,0.85,8000,4960.730030183005,50.0,0.88,0,8390.0
2025-02-28,0,0,129,0.46,8000,4985.679748117187,42.0,0.51,0,8084.0
2025-03-01,0,1,129,0.94,8000,4992.5555526980315,78.0,0.31,0,4353.0
2025-03-02,0,1,129,0.7,8000,5145.525908727396,53.0,0.82,0,11329.0
2025-03-03,0,0,159,0.9,3000,1510.3891771614599,34.0,0.88,0,2896.0
2025-03-04,0,0,99,0.59,3000,1646.528015443116,18.0,0.82,0,4204.0
2025-03-05,0,0,199,0.94,500,283.8566839782835,21.0,0.4,0,506.0
2025-03-06,0,0,59,0.63,500,315.7270380632181,26.0,0.83,0,1959.0
2025-03-07,0,0,129,0.41,3000,1100.3598630935785,28.0,0.84,0,5870.0
2025-03-08,0,1,79,0.94,8000,5183.265534940496,70.0,0.76,0,5977.0
2025-03-09,0,1,129,0.45,3000,1569.2976951795986,49.0,0.84,0,8036.0
2025-03-10,0,0,79,0.59,3000,1699.6020219719305,47.0,0.89,0,5790.0
2025-03-11,0,0,199,0.97,8000,4420.748924361262,18.0,0.73,0,3321.0
2025-03-12,0,0,199,0.97,3000,1917.6749409561455,70.0,0.36,1,57555.0
2025-03-13,0,0,199,0.74,3000,1472.0820743689653,61.0,0.64,0,4571.0
2025-03-14,0,0,79,0.78,3000,1721.6365633475034,15.0,0.35,0,1473.0
2025-03-15,0,1,129,0.67,3000,1292.018814574894,60.0,0.59,0,4130.0
2025-03-16,0,1,199,0.58,8000,5122.554781012514,48.0,0.58,0,10324.0
2025-03-17,0,0,159,0.6,500,89.31688736526877,16.0,0.35,0,1210.0
2025-03-18,0,0,79,0.8,500,175.24620786083898,42.0,0.54,0,1129.0
2025-03-19,0,0,79,0.85,8000,5382.806270773357,44.0,0.38,0,4684.0
2025-03-20,0,0,129,0.87,500,261.8635198473307,22.0,0.87,0,1093.0
2025-03-21,0,0,79,0.87,3000,1543.4865746359446,76.0,0.96,0,3475.0
2025-03-22,0,1,79,0.45,500,474.01354613775084,69.0,0.35,0,2440.0
2025-03-23,0,1,199,0.7,500,399.1363775945209,57.0,0.97,0,2901.0
2025-03-24,0,0,129,0.43,3000,1530.0837810287153,42.0,0.67,0,4058.0
2025-03-25,0,0,199,0.73,8000,5072.992200493245,39.0,0.51,0,4701.0
2025-03-26,0,0,199,0.66,8000,5480.683117047655,56.0,0.35,1,384986.0
2025-03-27,0,0,129,0.93,3000,1488.476240593283,48.0,0.65,0,1738.0
2025-03-28,0,0,59,0.61,3000,1540.2198093429936,14.0,0.86,0,4544.0
2025-03-29,0,1,199,0.47,8000,5210.1308792015225,46.0,0.79,0,13010.0
2025-03-30,0,1,159,0.49,8000,5221.105186591597,66.0,0.34,0,9238.0
2025-03-31,0,0,159,0.86,500,537.406061112076,42.0,0.35,0,890.0
2025-04-01,0,0,79,0.77,500,427.7460444058369,14.0,0.58,0,1281.0
2025-04-02,0,0,159,0.46,3000,1271.3990174539033,65.0,0.51,0,5152.0
2025-04-03,0,0,79,0.45,8000,5326.686306460219,24.0,0.46,0,8186.0
2025-04-04,0,0,59,0.82,8000,4770.730921396263,28.0,0.5,0,4321.0
2025-04-05,0,1,129,0.44,8000,5060.527093047806,22.0,0.86,0,16681.0
2025-04-06,0,1,129,0.89,500,149.1448299961284,33.0,0.95,0,1870.0
2025-04-07,0,0,129,0.82,8000,4987.172330681402,63.0,0.58,0,7628.0
2025-04-08,0,0,159,0.45,3000,1565.7524820606961,46.0,0.93,0,7716.0
2025-04-09,0,0,59,0.45,8000,5064.271443090054,24.0,0.53,0,7419.0
2025-04-10,0,0,159,0.99,3000,1584.3841508470568,71.0,0.63,1,62846.0
2025-04-11,0,0,159,0.62,3000,1822.7422538117294,72.0,0.46,0,3158.0
2025-04-12,0,1,59,0.62,500,390.706860302796,71.0,0.75,0,2393.0
2025-04-13,0,1,59,0.89,8000,4951.168672941871,27.0,0.99,0,6136.0
2025-04-14,0,0,59,0.97,8000,5192.817433657671,42.0,0.72,0,4623.0
2025-04-15,0,0,59,0.99,8000,5237.894097784928,79.0,0.55,0,4276.0
2025-04-16,0,0,129,0.85,500,54.478436972601514,64.0,0.75,0,1499.0
2025-04-17,0,0,99,0.63,500,419.4800139699716,12.0,0.39,0,1096.0
2025-04-18,0,0,99,0.45,3000,1640.2345484621796,15.0,0.92,0,5725.0
2025-04-19,0,1,59,0.87,3000,1440.4872993280017,42.0,0.65,0,2220.0
2025-04-20,0,1,99,0.74,3000,1775.141362662324,74.0,0.61,0,4809.0
2025-04-21,0,0,99,0.65,8000,4969.988882593495,48.0,0.71,0,7782.0
2025-04-22,0,0,59,0.94,500,325.11529069430844,45.0,0.74,0,1168.0
2025-04-23,0,0,99,0.47,3000,1465.3856351432262,17.0,0.35,1,86969.0
2025-04-24,0,0,159,0.7,3000,1503.1158095162934,56.0,0.78,0,4896.0
2025-04-25,0,0,79,0.41,3000,1280.7449826209597,68.0,0.47,0,3748.0
2025-04-26,0,1,79,0.68,8000,4711.989823481141,37.0,0.8,0,6998.0
2025-04-27,0,1,59,0.43,8000,5318.901012644995,64.0,0.88,0,16075.0
2025-04-28,0,0,129,0.47,500,130.60773033633444,78.0,0.86,0,3653.0
2025-04-29,0,0,59,0.47,8000,4801.721530108739,24.0,0.69,0,11681.0
2025-04-30,0,0,129,0.79,3000,1069.321977279257,47.0,0.66,0,2788.0
2025-05-01,1,0,79,0.59,8000,4872.2076504621,50.0,0.4,0,10271.0
2025-05-02,1,0,59,0.53,3000,1235.3820413185003,85.0,0.84,0,8285.0
2025-05-03,0,1,199,0.98,8000,5328.403032027274,50.0,0.49,0,5150.0
2025-05-04,0,1,159,0.62,3000,1701.963417868527,54.0,0.65,1,171659.0
2025-05-05,0,0,99,0.57,500,162.36993096445525,66.0,0.5,0,2116.0
2025-05-06,0,0,129,0.92,8000,5450.4871610688615,38.0,0.39,0,2706.0
2025-05-07,0,0,199,0.53,3000,1696.3530973983188,74.0,0.74,0,4416.0
2025-05-08,0,0,99,0.98,3000,1435.0337232982756,47.0,0.34,0,1332.0
2025-05-09,0,0,99,0.41,3000,1000.1188570252854,21.0,0.82,0,5524.0
2025-05-10,0,1,59,0.98,500,758.1885145181484,59.0,0.52,0,1086.0
2025-05-11,0,1,99,0.43,500,22.085506647280795,66.0,0.3,0,2742.0
2025-05-12,0,0,159,0.93,8000,4670.920250608621,32.0,0.66,0,4595.0
2025-05-13,0,0,199,0.72,8000,5204.514086401928,70.0,0.33,0,5909.0
2025-05-14,0,0,99,1.0,8000,5487.950481267854,73.0,0.49,0,2767.0
2025-05-15,0,0,59,0.44,3000,1776.8545637021036,29.0,0.79,1,270794.0
2025-05-16,0,0,159,0.73,8000,5112.781824010472,79.0,0.34,0,5527.0
2025-05-17,0,1,79,0.98,3000,1618.950868333057,20.0,0.89,0,2264.0
2025-05-18,0,1,199,0.71,3000,1670.6831117560616,24.0,0.3,0,2693.0
2025-05-19,0,0,99,0.78,3000,1651.785717957353,23.0,0.47,0,2181.0
2025-05-20,0,0,59,0.82,500,356.23828479387515,73.0,0.82,0,1781.0
2025-05-21,0,0,79,0.67,8000,5020.8402207903755,56.0,0.52,0,8952.0
2025-05-22,0,0,79,0.78,8000,4987.481374420096,21.0,0.37,0,3999.0
2025-05-23,0,0,129,0.75,500,149.20708222666474,41.0,0.55,0,1236.0
2025-05-24,0,1,159,0.94,3000,1443.864984626645,53.0,0.49,0,1886.0
2025-05-25,0,1,99,0.43,3000,1161.4086371609228,16.0,0.89,1,276678.0
2025-05-26,0,0,59,0.57,3000,1480.33207464105,72.0,0.52,0,4326.0
2025-05-27,0,0,129,0.97,8000,4802.281778569816,66.0,0.85,0,5698.0
2025-05-28,0,0,159,0.93,500,79.28213655684581,45.0,0.92,0,1530.0
2025-05-29,0,0,129,0.67,500,335.9788302306957,78.0,0.6,0,1653.0
2025-05-30,0,0,199,0.77,3000,1778.4004572689198,39.0,0.94,0,4650.0
2025-05-31,0,1,159,0.57,8000,5183.663321200463,79.0,0.56,0,11404.0
2025-06-01,0,1,159,0.51,3000,1185.8998792753646,57.0,0.97,0,8858.0
2025-06-02,0,0,99,0.68,3000,1302.0743726859325,54.0,0.36,0,2476.0
2025-06-03,0,0,159,0.61,8000,5188.154237597643,22.0,0.78,0,9558.0
2025-06-04,0,0,129,0.75,500,103.50252129233809,72.0,0.65,0,1583.0
2025-06-05,0,0,159,0.45,8000,4955.073370000595,40.0,0.57,0,11463.0
2025-06-06,0,0,99,0.98,500,410.0104198049104,21.0,0.74,1,7700.0
2025-06-07,0,1,99,0.99,3000,1306.331109027273,11.0,0.79,0,2520.0
2025-06-08,0,1,199,0.82,8000,5021.075101229192,49.0,0.3,0,5089.0
2025-06-09,0,0,129,0.72,3000,1233.1949010163592,47.0,0.42,0,2253.0
2025-06-10,0,0,79,0.59,500,179.72647120975728,60.0,0.8,0,2649.0
2025-06-11,0,0,79,0.89,500,363.9563868285074,72.0,0.77,0,1470.0
2025-06-12,0,0,159,0.81,500,-18.598746706333884,16.0,0.98,0,1287.0
2025-06-13,0,0,199,0.5,3000,1588.0949475920797,61.0,0.83,0,5314.0
2025-06-14,0,1,59,0.95,3000,1496.0724402146639,23.0,0.97,0,2378.0
2025-06-15,1,1,159,0.63,500,410.49799088342957,90.0,0.79,1,120489.0
2025-06-16,1,0,199,0.68,8000,5044.782826812932,87.0,0.51,0,11527.0
2025-06-17,1,0,129,0.58,3000,1772.8280859947688,68.0,0.37,0,4412.0
2025-06-18,1,0,129,0.54,8000,5025.044900529581,80.0,0.85,0,21623.0
2025-06-19,0,0,129,0.65,500,214.11889177494942,32.0,0.75,0,1501.0
2025-06-20,0,0,129,0.96,500,324.45950060645674,43.0,0.33,0,516.0
2025-06-21,0,1,129,0.92,8000,5108.659605807277,68.0,0.55,0,5569.0
2025-06-22,0,1,199,0.43,500,309.77201406514087,42.0,0.97,0,3611.0
2025-06-23,0,0,199,0.42,500,308.1183382407765,35.0,0.65,0,2037.0
2025-06-24,0,0,99,0.63,8000,4859.601662438649,45.0,0.6,0,7179.0
2025-06-25,0,0,79,0.89,3000,1367.4198164898103,68.0,0.62,1,108736.0
2025-06-26,0,0,129,0.99,500,19.478945640061283,33.0,0.45,0,505.0
2025-06-27,0,0,59,0.49,8000,5349.915348637388,22.0,0.56,0,7640.0
2025-06-28,0,1,199,0.76,3000,1251.227352921743,60.0,0.56,0,3641.0
2025-06-29,0,1,59,0.63,8000,4861.418960440818,68.0,0.34,0,6621.0
2025-06-30,0,0,59,0.98,500,156.3185468861605,17.0,0.84,0,800.0
2025-07-01,0,0,59,0.91,500,478.9848753888882,27.0,0.59,0,1011.0
2025-07-02,0,0,99,0.9,500,241.01006434159444,20.0,0.88,0,992.0
2025-07-03,0,0,199,0.68,3000,1749.5484145347468,34.0,0.9,0,4522.0
2025-07-04,0,0,59,0.65,500,165.30187515122628,42.0,0.45,1,26321.0
2025-07-05,0,1,129,0.56,500,355.79883244476036,62.0,0.76,0,2795.0
2025-07-06,0,1,159,0.43,3000,1332.9305893480484,56.0,0.63,0,6113.0
2025-07-07,0,0,59,0.92,500,729.0298255546777,53.0,0.92,0,961.0
2025-07-08,0,0,99,0.89,8000,4762.480316194097,35.0,0.45,0,4248.0
2025-07-09,0,0,199,1.0,3000,1561.9641420454054,69.0,0.77,0,2492.0
2025-07-10,0,0,99,1.0,8000,5126.75537618642,43.0,0.73,0,3595.0
2025-07-11,0,0,59,0.73,8000,5082.759819490299,79.0,0.51,0,6182.0
2025-07-12,0,1,199,0.86,8000,4962.942468224458,54.0,0.4,0,4377.0
2025-07-13,0,1,159,0.97,3000,1474.0358600533148,19.0,0.76,0,1651.0
2025-07-14,0,0,59,0.91,3000,1508.762294395822,57.0,0.82,0,2954.0
2025-07-15,0,0,99,0.55,500,270.5995996743023,33.0,0.52,1,60990.0
2025-07-16,0,0,79,0.67,8000,5192.775823358982,58.0,0.75,0,9739.0
2025-07-17,0,0,129,0.48,3000,1942.1046003182703,15.0,0.58,0,3355.0
2025-07-18,0,0,99,0.97,3000,1388.5016429984332,22.0,0.8,0,2077.0
2025-07-19,0,1,199,0.76,500,26.03940408418441,70.0,0.44,0,1382.0
2025-07-20,0,1,59,0.54,3000,1482.343590329749,26.0,0.92,0,6205.0
2025-07-21,0,0,129,0.8,3000,2015.9418675308639,69.0,0.5,0,2687.0
2025-07-22,0,0,59,0.77,500,139.26508640605385,30.0,0.56,0,1256.0
2025-07-23,0,0,199,0.61,3000,1827.8233610888135,55.0,0.34,0,3177.0
2025-07-24,0,0,59,0.47,8000,5335.540162815289,59.0,0.38,0,7428.0
2025-07-25,0,0,79,0.8,8000,4889.282351658401,46.0,0.66,0,4772.0
2025-07-26,0,1,129,0.71,500,413.79661583705507,31.0,0.49,0,1371.0
2025-07-27,0,1,129,0.86,8000,5325.6793246257075,25.0,0.88,0,6325.0
2025-07-28,0,0,199,0.71,500,224.17445180250257,12.0,0.31,1,14908.0
2025-07-29,0,0,79,0.91,3000,1459.2839279795276,31.0,0.57,0,1812.0
2025-07-30,0,0,99,0.73,500,183.66381721027125,56.0,0.54,0,1061.0
2025-07-31,0,0,59,0.74,500,97.04865386142663,76.0,0.31,0,1184.0
2025-08-01,0,0,159,0.93,500,170.1444909867986,71.0,0.39,0,791.0
2025-08-02,0,1,59,0.64,3000,1255.2119466475488,64.0,0.59,0,4545.0
2025-08-03,0,1,59,0.48,500,306.81669365184524,65.0,0.65,0,3050.0
2025-08-04,0,0,99,0.42,3000,1346.0053537882716,57.0,0.58,0,5239.0
2025-08-05,0,0,59,0.85,3000,1546.7571823581495,28.0,0.67,0,2191.0
2025-08-06,0,0,79,0.77,3000,1188.8208707592746,74.0,0.72,0,4599.0
2025-08-07,0,0,79,0.82,500,366.17604644289145,57.0,0.31,0,730.0
2025-08-08,0,0,129,0.53,500,466.70579232178494,49.0,0.62,0,2205.0
2025-08-09,0,1,199,0.48,500,-98.74712851429109,18.0,0.97,0,2673.0
2025-08-10,0,1,159,0.41,3000,1574.8113139695145,41.0,0.66,0,5988.0
2025-08-11,0,0,59,0.61,3000,1745.5337984946584,42.0,0.77,1,125091.0
2025-08-12,0,0,59,0.75,500,58.07179626175892,71.0,0.52,0,1675.0
2025-08-13,0,0,99,0.64,8000,5334.514477367541,48.0,0.84,0,10257.0
2025-08-14,0,0,199,0.66,8000,5083.803801873209,37.0,0.84,0,9377.0
2025-08-15,0,0,79,0.94,3000,1358.9976288483183,78.0,0.66,0,2595.0
2025-08-16,0,1,159,0.61,8000,4988.846184468459,18.0,0.98,0,12017.0
2025-08-17,0,1,129,0.71,8000,5111.665382504344,40.0,0.39,0,6245.0
2025-08-18,0,0,79,0.87,8000,5015.201078282483,13.0,0.31,0,2869.0
2025-08-19,0,0,199,0.64,8000,5107.7511984892735,62.0,0.84,0,10572.0
2025-08-20,0,0,129,0.77,8000,4815.865281384126,74.0,0.87,0,9744.0
2025-08-21,0,0,99,0.92,500,333.8721648072156,30.0,0.38,0,612.0
2025-08-22,0,0,99,0.97,3000,1217.257100619004,70.0,0.49,0,2120.0
2025-08-23,0,1,59,0.49,3000,1477.75478773026,30.0,0.31,0,3220.0
2025-08-24,0,1,199,0.96,3000,1319.218471707042,74.0,0.51,1,77156.0
2025-08-25,0,0,159,0.7,8000,4852.894011482047,63.0,0.84,0,12234.0
2025-08-26,0,0,129,0.55,500,547.2186350420875,66.0,0.66,0,2502.0
2025-08-27,0,0,79,0.68,500,518.2620241188538,11.0,0.54,0,1124.0
2025-08-28,0,0,199,0.99,8000,5121.827624181436,77.0,0.56,0,3330.0
2025-08-29,0,0,199,0.7,3000,1281.5374470654842,61.0,0.3,0,2920.0
2025-08-30,0,1,99,0.6,500,236.71831006103963,31.0,0.51,0,1591.0
2025-08-31,0,1,59,0.78,500,542.6195399958367,68.0,0.75,0,2097.0
2025-09-01,0,0,59,0.54,3000,1528.343382727981,30.0,0.98,0,5960.0
2025-09-02,0,0,129,0.45,3000,1963.8659079963388,71.0,0.89,0,7632.0
2025-09-03,0,0,99,0.48,8000,5078.663567878874,18.0,0.32,1,280528.0
2025-09-04,0,0,199,0.48,500,338.4098232980063,59.0,0.93,0,3796.0
2025-09-05,0,0,159,0.49,8000,4938.1767071594995,48.0,0.85,0,13921.0
2025-09-06,0,1,99,0.48,500,326.7081809564565,17.0,0.85,0,3001.0
2025-09-07,0,1,129,0.78,3000,1469.5060327238912,27.0,0.62,0,3613.0
2025-09-08,0,0,129,0.51,3000,1641.621735337718,11.0,0.58,0,3743.0
2025-09-09,0,0,99,0.61,3000,1691.3404633589168,43.0,0.51,0,3409.0
2025-09-10,0,0,129,0.94,8000,4842.80210789841,31.0,0.35,0,2339.0
2025-09-11,0,0,99,0.68,8000,4733.753409288444,52.0,0.46,0,5843.0
2025-09-12,0,0,79,0.8,8000,4632.75892537934,31.0,0.47,0,4314.0
2025-09-13,0,1,99,0.5,8000,5101.5982653825085,31.0,0.64,0,12747.0
2025-09-14,0,1,99,0.52,500,79.32667876522527,62.0,0.82,0,2442.0
2025-09-15,0,0,129,0.42,3000,1069.4218814095034,13.0,0.63,0,5325.0
2025-09-16,0,0,129,0.5,8000,5077.7157209061925,73.0,0.34,0,7883.0
2025-09-17,0,0,59,0.57,500,798.5999034865581,70.0,0.97,1,144239.0
2025-09-18,0,0,59,0.51,500,298.78581769202134,57.0,0.96,0,3346.0
2025-09-19,0,0,79,0.45,500,467.6981548903284,52.0,0.85,0,3768.0
2025-09-20,0,1,59,0.47,500,316.365871709513,72.0,0.99,0,3646.0
2025-09-21,0,1,99,0.68,8000,4980.222069361772,23.0,0.68,0,7520.0
2025-09-22,0,0,129,0.52,3000,1683.8152965975537,16.0,0.97,0,4273.0
2025-09-23,0,0,59,0.62,500,241.94509116226973,27.0,0.35,0,1596.0
2025-09-24,0,0,59,0.7,3000,1553.4784628143807,66.0,0.56,0,3506.0
2025-09-25,0,0,79,0.81,8000,5064.339561239202,12.0,0.46,0,4316.0
2025-09-26,0,0,199,0.42,500,166.38190927139024,51.0,0.44,0,1577.0
2025-09-27,0,1,79,0.88,8000,5198.408469907305,80.0,0.4,0,5106.0
2025-09-28,0,1,99,0.78,8000,4965.008048660919,70.0,0.74,0,8136.0
2025-09-29,0,0,129,0.45,3000,1348.8509681014311,47.0,0.85,0,5772.0
2025-09-30,0,0,79,0.92,3000,1607.3019687140807,14.0,0.7,0,1664.0
2025-10-01,0,0,59,0.95,3000,1320.3064036417925,68.0,0.4,0,1923.0
2025-10-02,0,0,129,0.44,8000,5005.636231473825,52.0,0.87,0,14134.0
2025-10-03,0,0,129,0.57,500,298.1762006711593,18.0,0.75,1,47300.0
2025-10-04,0,1,59,0.88,8000,5217.179113166316,17.0,0.57,0,4023.0
2025-10-05,0,1,79,0.85,8000,5094.939646575991,74.0,0.77,0,7425.0
2025-10-06,0,0,59,0.51,500,294.9946082509712,57.0,0.48,0,1855.0
2025-10-07,0,0,199,0.53,500,463.5532598400574,68.0,0.54,0,2100.0
2025-10-08,0,0,129,0.62,500,578.0415098034626,72.0,0.94,0,2885.0
2025-10-09,0,0,159,0.69,500,411.56206127037245,50.0,0.5,0,1346.0
2025-10-10,0,0,159,0.77,3000,1502.070523968676,46.0,0.63,0,2639.0
2025-10-11,0,1,99,0.62,3000,1237.632753529968,40.0,0.92,0,4889.0
2025-10-12,0,1,59,0.68,8000,4786.977267384926,32.0,0.8,0,9231.0
2025-10-13,0,0,59,0.85,3000,1438.9550591290665,40.0,0.34,0,1711.0
2025-10-14,0,0,99,0.42,3000,1378.0975595681434,64.0,0.4,1,229439.0
2025-10-15,0,0,99,0.55,8000,4962.605739402911,52.0,0.31,0,6001.0
2025-10-16,0,0,99,0.83,500,311.32998497942145,72.0,0.74,0,1460.0
2025-10-17,0,0,129,0.94,3000,1605.9385508713463,41.0,0.61,0,1686.0
2025-10-18,0,1,199,0.71,8000,4985.900244388182,52.0,0.39,0,6449.0
2025-10-19,0,1,59,0.72,8000,5097.30032876524,54.0,0.97,0,12601.0
2025-10-20,0,0,129,0.46,3000,1512.894882962024,51.0,0.67,0,6565.0
2025-10-21,0,0,99,0.67,8000,4604.906686729226,59.0,0.47,0,6694.0
2025-10-22,0,0,59,0.72,500,112.13292123624913,27.0,0.65,0,1079.0
2025-10-23,0,0,129,0.55,3000,1471.1824888556769,46.0,0.78,0,4621.0
2025-10-24,0,0,199,0.56,3000,1258.0610514317784,17.0,0.35,0,3127.0
2025-10-25,0,1,129,0.63,3000,1619.9857459992409,37.0,0.49,1,101525.0
2025-10-26,0,1,199,0.41,500,606.1501664687395,44.0,0.86,0,3403.0
2025-10-27,0,0,99,0.59,3000,1743.7523703394634,56.0,0.62,0,3789.0
2025-10-28,0,0,199,0.53,3000,1457.3114258139583,77.0,0.68,0,5221.0
2025-10-29,0,0,59,0.6,3000,1798.1452273699904,52.0,0.6,0,4528.0
2025-10-30,0,0,99,0.47,8000,5029.733491440422,62.0,0.33,0,8619.0
2025-10-31,0,0,59,0.93,500,232.58280577639215,45.0,0.42,0,769.0
2025-11-01,0,1,159,0.76,500,177.31946729181203,54.0,0.61,0,2156.0
2025-11-02,0,1,79,0.81,3000,1439.5060627023743,15.0,0.45,0,2835.0
2025-11-03,0,0,199,0.87,500,222.36463629175427,28.0,0.33,0,840.0
2025-11-04,0,0,79,0.7,500,334.08324447509756,35.0,0.89,1,40634.0
2025-11-05,0,0,79,0.45,500,332.1147962099729,43.0,0.99,0,3528.0
2025-11-06,0,0,199,0.72,500,300.6092040306829,13.0,0.86,0,1574.0
2025-11-07,0,0,99,0.75,3000,1587.38763394927,20.0,0.9,0,3894.0
2025-11-08,0,1,159,0.85,3000,1738.1292549572684,29.0,0.47,0,2445.0
2025-11-09,0,1,59,0.66,3000,1689.9108270882648,78.0,0.97,0,6652.0
2025-11-10,1,0,129,0.33,500,3.0204063100193252,53.0,0.44,0,2263.0
2025-11-11,1,0,59,0.4,8000,4489.215773019609,64.0,0.97,0,31796.0
2025-11-12,0,0,129,0.62,500,486.8639822478548,24.0,1.0,0,2339.0
2025-11-13,0,0,59,0.79,500,26.62426031691581,53.0,0.8,0,1764.0
2025-11-14,0,0,199,0.74,8000,4955.0469196214635,30.0,0.99,0,8599.0
2025-11-15,0,1,159,0.61,500,65.9773947881281,24.0,0.7,0,2396.0
2025-11-16,0,1,129,0.99,8000,4639.603912483996,46.0,0.48,1,181239.0
2025-11-17,0,0,99,0.76,3000,1608.2925456409575,10.0,0.61,0,2335.0
2025-11-18,0,0,59,0.54,500,451.83103206052937,11.0,0.72,0,1629.0
2025-11-19,0,0,59,0.46,8000,4884.697919854656,25.0,0.35,0,6010.0
2025-11-20,0,0,129,0.49,500,-218.208458428982,13.0,0.74,0,2144.0
2025-11-21,0,0,99,0.55,500,190.75111034950345,18.0,0.99,0,1918.0
2025-11-22,0,1,99,0.5,3000,1578.3608010805092,34.0,0.43,0,4518.0
2025-11-23,0,1,199,0.51,8000,4704.217686245174,66.0,0.85,0,15656.0
2025-11-24,0,0,199,0.57,8000,5036.671983955831,50.0,0.94,0,13330.0
2025-11-25,0,0,199,0.5,3000,1496.938030165401,46.0,0.96,0,6997.0
2025-11-26,0,0,199,0.94,500,415.8582999202177,31.0,0.97,1,17272.0
2025-11-27,0,0,199,0.45,3000,1523.9160736828308,75.0,0.67,0,4233.0
2025-11-28,0,0,199,0.71,8000,4805.386211823689,38.0,0.98,0,11125.0
2025-11-29,0,1,159,0.65,3000,1739.3143003328983,16.0,0.83,0,4854.0
2025-11-30,0,1,99,0.99,3000,1468.294085394606,53.0,0.41,0,1801.0
2025-12-01,0,0,199,0.47,500,294.5390920980136,18.0,0.63,0,1976.0
2025-12-02,0,0,99,0.64,8000,4813.346408185361,34.0,0.8,0,9112.0
2025-12-03,0,0,99,0.98,500,211.34354976169794,46.0,0.47,0,600.0
2025-12-04,0,0,79,0.92,3000,1323.03945719462,71.0,0.75,0,2066.0
2025-12-05,0,0,159,0.89,500,265.4107880153154,45.0,0.77,0,1151.0
2025-12-06,0,1,199,0.55,3000,1842.3416960284687,59.0,0.41,0,4758.0
2025-12-07,0,1,59,0.5,3000,1225.6197714137288,79.0,0.7,0,5732.0
2025-12-08,0,0,129,0.8,500,-22.712279575348248,19.0,0.84,0,1194.0
2025-12-09,0,0,59,0.96,8000,5294.234065498722,29.0,0.65,1,98148.0
2025-12-10,0,0,159,0.73,500,258.13526456962677,38.0,0.31,0,893.0
2025-12-11,0,0,129,0.74,3000,1366.1854522680167,40.0,0.31,0,2234.0
2025-12-12,0,0,159,0.57,8000,5207.980937479215,39.0,0.55,0,7502.0
2025-12-13,0,1,99,0.86,3000,1378.8768920526272,74.0,0.95,0,4289.0
2025-12-14,0,1,129,0.51,500,665.2019427093873,60.0,0.46,0,2347.0
2025-12-15,0,0,99,0.59,8000,5135.585174267854,53.0,0.74,0,10700.0
2025-12-16,0,0,59,0.66,3000,1402.4177183708593,32.0,0.46,0,2673.0
2025-12-17,0,0,59,0.7,3000,1931.4616426531006,68.0,0.53,1,163504.0
2025-12-18,0,0,129,0.55,3000,1378.8570153993323,77.0,0.89,0,5926.0
2025-12-19,0,0,129,0.47,8000,5148.4190744018615,67.0,0.81,0,12366.0
2025-12-20,0,1,199,0.77,500,359.8585160812984,10.0,0.37,0,1077.0
2025-12-21,0,1,159,0.57,500,560.3482578797596,55.0,0.6,0,2354.0
2025-12-22,0,0,199,0.75,500,612.3022393453705,14.0,0.32,0,841.0
2025-12-23,0,0,159,0.49,500,306.40082981315334,28.0,0.64,0,1556.0
2025-12-24,0,0,199,0.69,8000,4849.316425930763,14.0,0.76,0,8907.0
2025-12-25,0,0,99,0.72,500,391.9944285878233,52.0,0.38,0,1369.0
2025-12-26,0,0,129,0.43,8000,4864.456926049579,58.0,0.5,0,10887.0
2025-12-27,0,1,59,0.6,8000,5402.677449505325,18.0,0.58,0,10231.0
2025-12-28,0,1,159,0.48,3000,1527.3070662165476,37.0,0.94,1,333319.0
2025-12-29,0,0,159,0.44,3000,1426.9356897375783,42.0,1.0,0,7949.0
2025-12-30,0,0,59,0.99,500,336.9360611729817,36.0,0.33,0,538.0
2025-12-31,0,0,199,0.59,3000,1230.5747420940606,18.0,0.83,0,4351.0
2026-01-01,0,0,159,0.89,3000,1305.6771922978696,39.0,0.56,0,2087.0
2026-01-02,0,0,99,0.55,8000,5240.082781588885,63.0,0.57,0,9438.0
2026-01-03,0,1,129,0.81,500,168.62114420572084,15.0,0.83,0,1891.0
2026-01-04,0,1,59,0.86,3000,1290.617803463612,16.0,0.94,0,3488.0
2026-01-05,0,0,129,0.76,3000,1607.3305505054573,35.0,0.97,0,5181.0
2026-01-06,0,0,159,0.68,8000,5237.1408309326,76.0,0.7,0,9277.0
2026-01-07,0,0,159,0.65,500,443.79066213301337,57.0,0.55,0,1552.0
2026-01-08,0,0,59,0.61,3000,1699.2095371611633,58.0,0.85,1,152982.0
2026-01-09,0,0,99,0.96,8000,4848.640982286108,35.0,0.48,0,3323.0
2026-01-10,0,1,79,0.9,8000,4715.637866651631,52.0,0.69,0,6557.0
2026-01-11,0,1,59,0.98,3000,1800.2667303910973,11.0,0.55,0,1709.0
2026-01-12,0,0,79,0.47,3000,1435.464032231573,55.0,0.76,0,5383.0
2026-01-13,0,0,199,0.84,8000,4949.83339670899,74.0,0.47,0,5458.0
2026-01-14,0,0,79,0.96,500,565.6388283698116,53.0,0.43,0,843.0
2026-01-15,0,0,99,0.51,8000,5111.246001880132,71.0,0.94,0,11307.0
2026-01-16,0,0,199,0.44,3000,1591.1775544163215,61.0,0.37,0,4047.0
2026-01-17,0,1,79,0.84,500,733.0004689802167,18.0,0.65,0,1240.0
2026-01-18,0,1,199,0.74,3000,1371.2963539239713,73.0,0.45,1,168437.0
2026-01-19,0,0,79,0.91,3000,1685.5680256162475,15.0,0.33,0,983.0
2026-01-20,0,0,99,0.48,3000,1511.402624979417,47.0,0.33,0,2936.0
2026-01-21,0,0,79,0.88,8000,5053.718455772651,20.0,0.42,0,3784.0
2026-01-22,0,0,79,0.52,500,605.6936852825063,11.0,0.91,0,2438.0
2026-01-23,0,0,79,0.5,3000,1601.5671512579247,40.0,0.5,0,4208.0
2026-01-24,0,1,59,0.5,500,407.6592158099266,31.0,0.97,0,2819.0
2026-01-25,0,1,59,0.89,8000,5214.501467461961,44.0,0.71,0,6450.0
2026-01-26,0,0,59,0.8,8000,4927.009454091423,50.0,0.61,0,5697.0
2026-01-27,0,0,99,0.71,8000,4832.158066532199,13.0,0.71,0,8138.0
2026-01-28,0,0,199,0.62,3000,1291.0381611957932,19.0,0.66,0,4048.0
2026-01-29,0,0,159,0.93,3000,1106.7286821247997,49.0,0.83,0,2111.0
2026-01-30,0,0,79,0.64,500,711.2414259880644,34.0,0.5,0,1268.0
2026-01-31,0,1,79,0.89,3000,1279.3583268556633,61.0,0.55,1,98862.0
2026-02-01,0,1,99,0.66,500,255.7492752828456,56.0,0.93,0,2342.0
2026-02-02,0,0,79,0.63,8000,4944.6373400222155,69.0,0.96,0,12890.0
2026-02-03,0,0,59,0.68,500,361.48133956182016,58.0,0.92,0,2359.0
2026-02-04,0,0,159,0.58,500,463.14744250785935,40.0,0.59,0,1659.0
2026-02-05,0,0,129,0.85,500,472.09469767194906,57.0,0.85,0,1239.0
2026-02-06,0,0,79,0.7,500,183.38451228621233,29.0,0.63,0,1530.0
2026-02-07,0,1,59,0.54,500,266.5756572427177,31.0,0.65,0,1972.0
2026-02-08,0,1,129,0.94,3000,1556.5159900976598,65.0,0.44,0,2189.0
2026-02-09,0,0,159,0.63,8000,4950.26177476329,41.0,0.71,0,11086.0
2026-02-10,0,0,129,0.73,8000,5321.469115203999,66.0,0.43,0,5061.0
2026-02-11,0,0,59,0.94,500,398.19499032765026,68.0,0.53,1,20220.0
2026-02-12,0,0,199,0.77,3000,1646.9755572099634,70.0,0.9,0,4485.0
2026-02-13,0,0,199,0.47,500,432.57625373348253,74.0,0.44,0,2143.0
2026-02-14,0,1,129,0.96,3000,1734.694771497065,40.0,0.35,0,1606.0
2026-02-15,1,1,99,0.54,8000,5036.204311740741,52.0,0.35,0,12780.0
2026-02-16,1,0,129,0.42,8000,4740.6336104088305,71.0,0.96,0,31081.0
2026-02-17,1,0,79,0.34,3000,1579.9375903505284,56.0,0.65,0,11467.0
2026-02-18,0,0,79,0.88,3000,1369.7286212416343,52.0,0.59,0,1981.0
2026-02-19,0,0,199,0.77,8000,4894.276663650048,59.0,0.87,0,8521.0
2026-02-20,0,0,99,0.72,3000,1617.2728037510187,58.0,0.89,0,4222.0
2026-02-21,0,1,59,0.94,8000,5247.656614286727,36.0,0.53,0,4108.0
2026-02-22,0,1,79,0.87,3000,1504.2543153472122,22.0,0.79,1,76451.0
2026-02-23,0,0,199,0.49,8000,5061.766602519793,40.0,0.84,0,12489.0
2026-02-24,0,0,159,0.59,500,640.4429889270475,20.0,0.76,0,1593.0
2026-02-25,0,0,199,0.55,3000,1548.1506358977138,72.0,0.41,0,3614.0
2026-02-26,0,0,79,0.85,3000,2020.336622836079,34.0,0.91,0,3289.0
2026-02-27,0,0,79,0.42,8000,5113.101929126309,21.0,0.68,0,8509.0
2026-02-28,0,1,199,0.74,8000,4647.847448168836,12.0,0.5,0,7411.0
2026-03-01,0,1,59,0.86,3000,1650.6683242209065,55.0,0.6,0,3274.0
2026-03-02,0,0,129,0.93,3000,1576.2316769765555,55.0,0.33,0,1647.0
2026-03-03,0,0,79,0.61,3000,1757.9505508165491,34.0,0.39,0,2539.0
2026-03-04,0,0,199,0.89,8000,5134.636270253992,15.0,0.84,1,199538.0
2026-03-05,0,0,199,0.47,3000,1472.3088032032451,39.0,0.3,0,3101.0
2026-03-06,0,0,99,0.91,500,55.14035274212685,32.0,0.59,0,911.0
2026-03-07,0,1,129,0.48,500,258.19534854279493,57.0,0.67,0,3628.0
2026-03-08,0,1,159,0.64,8000,4829.89590915814,52.0,0.34,0,5931.0
2026-03-09,0,0,59,0.88,3000,1383.8953100390554,36.0,0.98,0,3631.0
2026-03-10,0,0,159,0.49,8000,5117.715680884122,25.0,0.46,0,6302.0
2026-03-11,0,0,129,0.54,8000,5333.980900870281,79.0,0.51,0,9334.0
2026-03-12,0,0,129,0.83,500,378.9343059645962,42.0,0.51,0,879.0
2026-03-13,0,0,129,0.83,8000,4760.823387592963,58.0,0.46,0,3667.0
2026-03-14,0,1,159,0.78,3000,1588.9205336440282,20.0,0.3,0,1905.0
2026-03-15,0,1,129,0.82,3000,1739.3262973291303,44.0,0.81,1,110676.0
2026-03-16,0,0,199,0.73,500,178.04341913612356,12.0,0.98,0,1306.0
2026-03-17,0,0,159,0.55,3000,1473.1965666654164,45.0,0.46,0,3321.0
2026-03-18,0,0,129,0.61,8000,5002.937638945839,77.0,0.76,0,11339.0
2026-03-19,0,0,199,0.51,3000,1343.020337383552,37.0,0.82,0,6054.0
2026-03-20,0,0,99,0.95,3000,1629.6560867687717,13.0,0.89,0,2304.0
2026-03-21,0,1,129,0.75,8000,4975.810370278444,12.0,0.6,0,6319.0
2026-03-22,0,1,159,0.64,3000,1583.9064887814056,37.0,0.51,0,2907.0
2026-03-23,0,0,79,0.68,8000,4822.50156443958,21.0,0.53,0,7895.0
2026-03-24,0,0,129,0.97,8000,4912.508339935318,12.0,0.8,0,4187.0
2026-03-25,0,0,79,0.49,3000,1644.4762715655543,63.0,0.87,0,7499.0
2026-03-26,0,0,199,0.75,8000,4925.433369581647,42.0,0.43,0,4133.0
2026-03-27,0,0,99,0.7,3000,1845.392770246681,30.0,0.56,0,3105.0
2026-03-28,0,1,59,0.77,3000,1420.0727628770796,73.0,0.93,0,5003.0
2026-03-29,0,1,99,0.41,500,344.9369451503772,18.0,0.86,1,90352.0
2026-03-30,0,0,129,0.92,8000,5186.518166374618,77.0,0.99,0,6797.0
2026-03-31,0,0,79,0.96,8000,4716.326853413394,32.0,0.83,0,4286.0
2026-04-01,0,0,79,0.74,8000,4647.838237603844,72.0,0.58,0,7394.0
2026-04-02,0,0,159,0.82,3000,1194.8687370859811,52.0,0.71,0,3694.0
2026-04-03,0,0,79,0.95,500,552.5168206854364,68.0,0.76,0,1080.0
2026-04-04,0,1,159,0.82,8000,4889.6283708215105,79.0,0.35,0,5177.0
2026-04-05,0,1,199,0.49,500,811.6398571336505,30.0,0.68,0,2523.0
2026-04-06,0,0,59,0.75,8000,4887.150480268522,77.0,0.8,0,9271.0
2026-04-07,0,0,129,0.76,3000,1536.9102606394074,37.0,0.42,0,2585.0
2026-04-08,0,0,159,0.65,500,608.4219905135751,37.0,0.85,0,1735.0
2026-04-09,0,0,59,0.84,500,701.2185776318246,34.0,0.71,0,1295.0
2026-04-10,0,0,79,0.96,500,712.3007153272796,48.0,0.97,1,15139.0
2026-04-11,0,1,79,0.96,500,541.6732461186284,21.0,0.33,0,736.0
2026-04-12,0,1,59,0.67,3000,1704.8125051622924,49.0,0.49,0,3727.0
2026-04-13,0,0,79,0.47,500,418.5053898402366,48.0,0.72,0,2362.0
2026-04-14,0,0,199,0.99,8000,5155.672215233328,63.0,0.51,0,2897.0
2026-04-15,0,0,199,0.9,500,189.76285673429334,68.0,0.8,0,1513.0
2026-04-16,0,0,59,0.47,3000,1336.3602233155386,41.0,0.83,0,6711.0
2026-04-17,0,0,159,0.95,500,299.3251085178096,31.0,0.37,0,646.0
2026-04-18,0,1,159,0.92,3000,1465.9630754950142,28.0,0.66,1,59365.0
2026-04-19,0,1,59,0.71,3000,1409.354390134545,24.0,0.66,0,4098.0
2026-04-20,0,0,159,0.75,3000,1639.277489491343,14.0,0.56,0,2806.0
2026-04-21,0,0,159,0.64,500,491.06104171410215,34.0,0.95,0,2192.0
2026-04-22,0,0,199,0.43,8000,5017.681377258369,29.0,0.88,0,11774.0
2026-04-23,0,0,159,0.6,8000,5295.506016211052,78.0,0.79,0,10891.0
2026-04-24,0,0,99,0.88,8000,4771.662177173299,49.0,0.8,0,5439.0
2026-04-25,0,1,129,0.4,8000,4961.268108144056,34.0,0.62,0,10678.0
2026-04-26,0,1,79,0.6,500,156.635535879439,51.0,0.94,0,2471.0
2026-04-27,0,0,99,0.64,8000,4626.692676585388,20.0,0.79,0,8920.0
2026-04-28,0,0,159,0.72,500,283.4638628314602,41.0,0.81,1,34042.0
2026-04-29,0,0,199,0.95,3000,1475.6504983233433,54.0,0.9,0,2643.0
2026-04-30,0,0,59,0.61,8000,5302.689948648426,44.0,0.49,0,8155.0
2026-05-01,1,0,159,0.43,500,426.1623369109555,58.0,0.86,0,4113.0
2026-05-02,1,1,199,0.59,3000,1295.162635134159,100.0,0.44,0,7657.0
2026-05-03,0,1,129,0.67,3000,1870.8185132668377,72.0,0.54,0,5037.0
2026-05-04,0,0,159,0.53,3000,1744.2067391050705,54.0,0.53,0,3375.0
2026-05-05,0,0,59,0.67,500,416.41954069372315,50.0,0.98,0,2781.0
2026-05-06,0,0,199,0.48,8000,4954.7031802300335,53.0,0.9,0,12718.0
2026-05-07,0,0,199,0.51,500,108.11215265530404,24.0,0.79,1,59930.0
2026-05-08,0,0,199,0.7,500,225.5586447857894,38.0,0.81,0,1998.0
2026-05-09,0,1,129,0.65,3000,1717.7497239408372,13.0,0.69,0,4681.0
2026-05-10,0,1,159,0.95,8000,5376.917261186922,43.0,0.96,0,6775.0
2026-05-11,0,0,129,0.62,3000,1808.648705654438,48.0,0.65,0,4201.0
2026-05-12,0,0,79,0.75,8000,4902.230115642745,26.0,0.57,0,4844.0
2026-05-13,0,0,79,0.78,8000,4776.076513342197,77.0,0.41,0,5764.0
2026-05-14,0,0,159,0.41,8000,5028.177249382241,74.0,0.85,0,16583.0
2026-05-15,0,0,129,0.8,3000,1146.3121268874297,61.0,0.81,0,4980.0
